"query","search interest","increase percent"
"ai generated images",100,"Breakout"
"ai images",99,"-80%"
"ai generated photo",85,"-80%"
"free ai generated photos",68,"Breakout"
"ai generated photos free",68,"Breakout"
"ai generated image",55,"Breakout"
"ai generator",45,"Breakout"
"photos generated by ai",30,"Breakout"
"ai generated video",29,"Breakout"
"what is ai generated photos",20,"Breakout"
"google photos",20,"-90%"
"ai image generator",20,"Breakout"
"generate ai photos",18,"Breakout"
"photo generator ai",18,"Breakout"
"ai photo generator",17,"Breakout"
"gemini ai",14,"-100%"
"gemini",13,"Breakout"
"ai generated art",13,"Breakout"
"how to make ai generated photos",12,"Breakout"
"ai generated photos of me",12,"Breakout"
"ai generated stock photos",9,"-100%"
"free ai image generator",8,"-100%"
"ai image generator free",8,"Breakout"
"generate ai images",8,"Breakout"
"ai generated wedding photos",8,"-100%"
"ai generated business photos",7,"Breakout"
"canva",7,"Breakout"
"ai generated photos from text",6,"-100%"
"google gemini",6,"-100%"
"midjourney",6,"Breakout"
"ai remaker",5,"Breakout"
"midjourney ai",5,"Breakout"
"remaker ai",5,"Breakout"
"generated photos human generator",5,"-100%"
"text to image",4,"Breakout"
"ai photo editor",4,"Breakout"
"ai image generator from image",3,"-100%"
"artbreeder",3,"Breakout"
"girija oak ai generated photos",3,"Breakout"
"cool photos",3,"Breakout"
"freepik",2,"Breakout"
"artbreeder ai",2,"Breakout"
"free ai video generator",2,"Breakout"
"ai generated business photos free",2,"Breakout"
"create human ai",2,"Breakout"
"shutterstock",2,"-100%"
"ai generated yearbook photos",2,"Breakout"
"dall e ai",1,"Breakout"
"leonardo ai",1,"Breakout"